{
  "metadataVersion": "1.0",
  "id": "com.sap.yaas.yaasextension",
  "name": "SAP YaaS Analytics",
  "description": "Extension for Integrating SAP Lumira with YaaS",
  "version": "1.29.2.20160429",
  "vendor" : {
    "name": "SAP",
    "url": "www.sap.com"
  },
  "requires": [
    {
	  "id": "sap.bi.da.extension.sdk",
	  "version": "1.29.0",
	  "match": "greaterOrEqual"
    }
  ],
  "eclipse": {
    "plugins": [
	  {
	    "id": "com.sap.yaas.yaasextension",
		"version": "1.29.2.20160429"
	  }
	]
  },
  "bundles": [
    {
      "id": "com.sap.yaas.yaasextension",
      "version": "1.29.2.20160429"
    }
  ]
}